<?xml version="1.0" encoding="UTF-8"?>
<deploy
 date="2021.06.09.13:24:37"
 outputDirectory="C:/Users/romin/OneDrive - The University Of British Columbia/ELEC2020_2021_docs/ELEC391/ErrorCorrectionCoding/BCH_dec_24/">
 <perimeter>
  <parameter
     name="AUTO_GENERATION_ID"
     type="Integer"
     defaultValue="0"
     onHdl="0"
     affectsHdl="1" />
  <parameter
     name="AUTO_UNIQUE_ID"
     type="String"
     defaultValue=""
     onHdl="0"
     affectsHdl="1" />
  <parameter
     name="AUTO_DEVICE_FAMILY"
     type="String"
     defaultValue="Cyclone V"
     onHdl="0"
     affectsHdl="1" />
  <parameter
     name="AUTO_DEVICE"
     type="String"
     defaultValue="5CSEMA5F31C6"
     onHdl="0"
     affectsHdl="1" />
  <parameter
     name="AUTO_DEVICE_SPEEDGRADE"
     type="String"
     defaultValue="6"
     onHdl="0"
     affectsHdl="1" />
  <parameter
     name="AUTO_CLK_CLOCK_RATE"
     type="Long"
     defaultValue="-1"
     onHdl="0"
     affectsHdl="1" />
  <parameter
     name="AUTO_CLK_CLOCK_DOMAIN"
     type="Integer"
     defaultValue="-1"
     onHdl="0"
     affectsHdl="1" />
  <parameter
     name="AUTO_CLK_RESET_DOMAIN"
     type="Integer"
     defaultValue="-1"
     onHdl="0"
     affectsHdl="1" />
  <interface name="clk" kind="clock" start="0">
   <property name="clockRate" value="100000000" />
   <property name="externallyDriven" value="false" />
   <property name="ptfSchematicName" value="" />
   <port name="clk" direction="input" role="clk" width="1" />
  </interface>
  <interface name="in" kind="conduit" start="0">
   <property name="associatedClock" value="clk" />
   <property name="associatedReset" value="rst" />
   <port name="load" direction="input" role="valid" width="1" />
   <port name="ready" direction="output" role="ready" width="1" />
   <port name="sop_in" direction="input" role="startofpacket" width="1" />
   <port name="eop_in" direction="input" role="endofpacket" width="1" />
   <port name="data_in" direction="input" role="data_in" width="24" />
  </interface>
  <interface name="out" kind="conduit" start="0">
   <property name="associatedClock" value="clk" />
   <property name="associatedReset" value="rst" />
   <port name="valid_out" direction="output" role="valid" width="1" />
   <port name="sink_ready" direction="input" role="ready" width="1" />
   <port name="sop_out" direction="output" role="startofpacket" width="1" />
   <port name="eop_out" direction="output" role="endofpacket" width="1" />
   <port name="data_out" direction="output" role="data_out" width="24" />
   <port
       name="number_errors"
       direction="output"
       role="number_errors"
       width="8" />
  </interface>
  <interface name="rst" kind="reset" start="0">
   <property name="associatedClock" value="clk" />
   <property name="synchronousEdges" value="DEASSERT" />
   <port name="reset" direction="input" role="reset" width="1" />
  </interface>
 </perimeter>
 <entity
   path=""
   parameterizationKey="BCH_dec_24:1.0:AUTO_CLK_CLOCK_DOMAIN=-1,AUTO_CLK_CLOCK_RATE=-1,AUTO_CLK_RESET_DOMAIN=-1,AUTO_DEVICE=5CSEMA5F31C6,AUTO_DEVICE_FAMILY=Cyclone V,AUTO_DEVICE_SPEEDGRADE=6,AUTO_GENERATION_ID=1623270275,AUTO_UNIQUE_ID=(altera_bch:18.1:BCH=Decoder,DATA_WIDTH=24,IRRPOL=285,K_BITS=168,M_BITS=8,N_BITS=244,PARITY_BITS=76,T_BITS=10,design_env=NATIVE,selected_device_family=Cyclone V)"
   instancePathKey="BCH_dec_24"
   kind="BCH_dec_24"
   version="1.0"
   name="BCH_dec_24">
  <parameter name="AUTO_CLK_CLOCK_RATE" value="-1" />
  <parameter name="AUTO_GENERATION_ID" value="1623270275" />
  <parameter name="AUTO_DEVICE" value="5CSEMA5F31C6" />
  <parameter name="AUTO_DEVICE_FAMILY" value="Cyclone V" />
  <parameter name="AUTO_CLK_RESET_DOMAIN" value="-1" />
  <parameter name="AUTO_CLK_CLOCK_DOMAIN" value="-1" />
  <parameter name="AUTO_UNIQUE_ID" value="" />
  <parameter name="AUTO_DEVICE_SPEEDGRADE" value="6" />
  <generatedFiles>
   <file
       path="C:/Users/romin/OneDrive - The University Of British Columbia/ELEC2020_2021_docs/ELEC391/ErrorCorrectionCoding/BCH_dec_24/synthesis/BCH_dec_24.v"
       type="VERILOG" />
  </generatedFiles>
  <childGeneratedFiles>
   <file
       path="C:/Users/romin/OneDrive - The University Of British Columbia/ELEC2020_2021_docs/ELEC391/ErrorCorrectionCoding/BCH_dec_24/synthesis/submodules/bchp_functions.vhd"
       type="VHDL"
       attributes="" />
   <file
       path="C:/Users/romin/OneDrive - The University Of British Columbia/ELEC2020_2021_docs/ELEC391/ErrorCorrectionCoding/BCH_dec_24/synthesis/submodules/bchp_parameters.vhd"
       type="VHDL"
       attributes="" />
   <file
       path="C:/Users/romin/OneDrive - The University Of British Columbia/ELEC2020_2021_docs/ELEC391/ErrorCorrectionCoding/BCH_dec_24/synthesis/submodules/bchp_roots.vhd"
       type="VHDL"
       attributes="" />
   <file
       path="C:/Users/romin/OneDrive - The University Of British Columbia/ELEC2020_2021_docs/ELEC391/ErrorCorrectionCoding/BCH_dec_24/synthesis/submodules/rsp_gf_add.vhd"
       type="VHDL"
       attributes="" />
   <file
       path="C:/Users/romin/OneDrive - The University Of British Columbia/ELEC2020_2021_docs/ELEC391/ErrorCorrectionCoding/BCH_dec_24/synthesis/submodules/rsp_gf_sqrff.vhd"
       type="VHDL"
       attributes="" />
   <file
       path="C:/Users/romin/OneDrive - The University Of British Columbia/ELEC2020_2021_docs/ELEC391/ErrorCorrectionCoding/BCH_dec_24/synthesis/submodules/rsp_gf_mr.vhd"
       type="VHDL"
       attributes="" />
   <file
       path="C:/Users/romin/OneDrive - The University Of British Columbia/ELEC2020_2021_docs/ELEC391/ErrorCorrectionCoding/BCH_dec_24/synthesis/submodules/rsp_gf_mul.vhd"
       type="VHDL"
       attributes="" />
   <file
       path="C:/Users/romin/OneDrive - The University Of British Columbia/ELEC2020_2021_docs/ELEC391/ErrorCorrectionCoding/BCH_dec_24/synthesis/submodules/rsp_gf_pp.vhd"
       type="VHDL"
       attributes="" />
   <file
       path="C:/Users/romin/OneDrive - The University Of British Columbia/ELEC2020_2021_docs/ELEC391/ErrorCorrectionCoding/BCH_dec_24/synthesis/submodules/bchp_package.vhd"
       type="VHDL"
       attributes="" />
   <file
       path="C:/Users/romin/OneDrive - The University Of British Columbia/ELEC2020_2021_docs/ELEC391/ErrorCorrectionCoding/BCH_dec_24/synthesis/submodules/bchp_syndromes_sqr.vhd"
       type="VHDL"
       attributes="" />
   <file
       path="C:/Users/romin/OneDrive - The University Of British Columbia/ELEC2020_2021_docs/ELEC391/ErrorCorrectionCoding/BCH_dec_24/synthesis/submodules/bchp_syndrome.vhd"
       type="VHDL"
       attributes="" />
   <file
       path="C:/Users/romin/OneDrive - The University Of British Columbia/ELEC2020_2021_docs/ELEC391/ErrorCorrectionCoding/BCH_dec_24/synthesis/submodules/bchp_rom.vhd"
       type="VHDL"
       attributes="" />
   <file
       path="C:/Users/romin/OneDrive - The University Of British Columbia/ELEC2020_2021_docs/ELEC391/ErrorCorrectionCoding/BCH_dec_24/synthesis/submodules/bchp_auto_package.vhd"
       type="VHDL"
       attributes="" />
   <file
       path="C:/Users/romin/OneDrive - The University Of British Columbia/ELEC2020_2021_docs/ELEC391/ErrorCorrectionCoding/BCH_dec_24/synthesis/submodules/bchp_mb_system.vhd"
       type="VHDL"
       attributes="" />
   <file
       path="C:/Users/romin/OneDrive - The University Of British Columbia/ELEC2020_2021_docs/ELEC391/ErrorCorrectionCoding/BCH_dec_24/synthesis/submodules/bchp_mbopt_pe6.vhd"
       type="VHDL"
       attributes="" />
   <file
       path="C:/Users/romin/OneDrive - The University Of British Columbia/ELEC2020_2021_docs/ELEC391/ErrorCorrectionCoding/BCH_dec_24/synthesis/submodules/bchp_mb_pex.vhd"
       type="VHDL"
       attributes="" />
   <file
       path="C:/Users/romin/OneDrive - The University Of British Columbia/ELEC2020_2021_docs/ELEC391/ErrorCorrectionCoding/BCH_dec_24/synthesis/submodules/rsp_unary.vhd"
       type="VHDL"
       attributes="" />
   <file
       path="C:/Users/romin/OneDrive - The University Of British Columbia/ELEC2020_2021_docs/ELEC391/ErrorCorrectionCoding/BCH_dec_24/synthesis/submodules/bchp_search.vhd"
       type="VHDL"
       attributes="" />
   <file
       path="C:/Users/romin/OneDrive - The University Of British Columbia/ELEC2020_2021_docs/ELEC391/ErrorCorrectionCoding/BCH_dec_24/synthesis/submodules/bchp_shift_search.vhd"
       type="VHDL"
       attributes="" />
   <file
       path="C:/Users/romin/OneDrive - The University Of British Columbia/ELEC2020_2021_docs/ELEC391/ErrorCorrectionCoding/BCH_dec_24/synthesis/submodules/bchp_shift_searches.vhd"
       type="VHDL"
       attributes="" />
   <file
       path="C:/Users/romin/OneDrive - The University Of British Columbia/ELEC2020_2021_docs/ELEC391/ErrorCorrectionCoding/BCH_dec_24/synthesis/submodules/bchp_del.vhd"
       type="VHDL"
       attributes="" />
   <file
       path="C:/Users/romin/OneDrive - The University Of British Columbia/ELEC2020_2021_docs/ELEC391/ErrorCorrectionCoding/BCH_dec_24/synthesis/submodules/bchp_invmem.hex"
       type="HEX"
       attributes="" />
   <file
       path="C:/Users/romin/OneDrive - The University Of British Columbia/ELEC2020_2021_docs/ELEC391/ErrorCorrectionCoding/BCH_dec_24/synthesis/submodules/bchp_decoder_core.vhd"
       type="VHDL"
       attributes="" />
   <file
       path="C:/Users/romin/OneDrive - The University Of British Columbia/ELEC2020_2021_docs/ELEC391/ErrorCorrectionCoding/BCH_dec_24/synthesis/submodules/bchp_decoder.vhd"
       type="VHDL"
       attributes="" />
   <file
       path="C:/Users/romin/OneDrive - The University Of British Columbia/ELEC2020_2021_docs/ELEC391/ErrorCorrectionCoding/BCH_dec_24/synthesis/submodules/bchp_decoder.ocp"
       type="OTHER"
       attributes="" />
   <file
       path="C:/Users/romin/OneDrive - The University Of British Columbia/ELEC2020_2021_docs/ELEC391/ErrorCorrectionCoding/BCH_dec_24/synthesis/submodules/bch_encoder.ocp"
       type="OTHER"
       attributes="" />
   <file
       path="C:/Users/romin/OneDrive - The University Of British Columbia/ELEC2020_2021_docs/ELEC391/ErrorCorrectionCoding/BCH_dec_24/synthesis/submodules/BCH_dec_24_bch_0.vhd"
       type="VHDL"
       attributes="" />
  </childGeneratedFiles>
  <sourceFiles>
   <file
       path="C:/Users/romin/OneDrive - The University Of British Columbia/ELEC2020_2021_docs/ELEC391/ErrorCorrectionCoding/BCH_dec_24.qsys" />
  </sourceFiles>
  <childSourceFiles>
   <file path="C:/intelfpga_lite/18.1/ip/altera/dsp/altera_bch/bch_hw.tcl" />
  </childSourceFiles>
  <messages>
   <message level="Debug" culprit="BCH_dec_24">queue size: 0 starting:BCH_dec_24 "BCH_dec_24"</message>
   <message level="Progress" culprit="min"></message>
   <message level="Progress" culprit="max"></message>
   <message level="Progress" culprit="current"></message>
   <message level="Debug">Transform: CustomInstructionTransform</message>
   <message level="Debug">No custom instruction connections, skipping transform </message>
   <message level="Debug" culprit="merlin_custom_instruction_transform"><![CDATA[After transform: <b>1</b> modules, <b>0</b> connections]]></message>
   <message level="Debug">Transform: MMTransform</message>
   <message level="Debug">Transform: InterruptMapperTransform</message>
   <message level="Debug">Transform: InterruptSyncTransform</message>
   <message level="Debug">Transform: InterruptFanoutTransform</message>
   <message level="Debug">Transform: AvalonStreamingTransform</message>
   <message level="Debug">Transform: ResetAdaptation</message>
   <message level="Debug" culprit="BCH_dec_24"><![CDATA["<b>BCH_dec_24</b>" reuses <b>altera_bch</b> "<b>submodules/BCH_dec_24_bch_0</b>"]]></message>
   <message level="Debug" culprit="BCH_dec_24">queue size: 0 starting:altera_bch "submodules/BCH_dec_24_bch_0"</message>
   <message level="Info" culprit="bch_0">code_clocks = 11, polys_per_pe = 5, full_pes = 2, pes = 2 clocks_per_last_pe = 5</message>
   <message level="Info" culprit="bch_0">----Writing bchp_mb_system.vhd</message>
   <message level="Info" culprit="bch_0">----Writing bchp_auto_package.vhd</message>
   <message level="Info" culprit="bch_0">Building Galois Field and inverses. Please wait...</message>
   <message level="Info" culprit="bch_0">GF_field finished</message>
   <message level="Info" culprit="bch_0">negenum finished with length 256</message>
   <message level="Info" culprit="bch_0">powernum finished with length 256</message>
   <message level="Info" culprit="bch_0">inverses finished with length 256</message>
   <message level="Info" culprit="bch_0">----Writing bchp_roots.vhd</message>
   <message level="Info" culprit="bch_0">----Writing bchp_invmem.hex</message>
   <message level="Info" culprit="bch_0">----Writing bchp_parameters.vhd</message>
   <message level="Info" culprit="bch_0">files generated: C:/Users/romin/AppData/Local/Temp/alt8787_6601171530528258032.dir/0002_bch_0_gen//bchp_mb_system.vhd C:/Users/romin/AppData/Local/Temp/alt8787_6601171530528258032.dir/0002_bch_0_gen//bchp_auto_package.vhd C:/Users/romin/AppData/Local/Temp/alt8787_6601171530528258032.dir/0002_bch_0_gen//bchp_roots.vhd C:/Users/romin/AppData/Local/Temp/alt8787_6601171530528258032.dir/0002_bch_0_gen//bchp_invmem.hex C:/Users/romin/AppData/Local/Temp/alt8787_6601171530528258032.dir/0002_bch_0_gen//bchp_parameters.vhd</message>
   <message level="Info" culprit="bch_0"><![CDATA["<b>BCH_dec_24</b>" instantiated <b>altera_bch</b> "<b>bch_0</b>"]]></message>
  </messages>
 </entity>
 <entity
   path="submodules/"
   parameterizationKey="altera_bch:18.1:BCH=Decoder,DATA_WIDTH=24,IRRPOL=285,K_BITS=168,M_BITS=8,N_BITS=244,PARITY_BITS=76,T_BITS=10,design_env=NATIVE,selected_device_family=Cyclone V"
   instancePathKey="BCH_dec_24:.:bch_0"
   kind="altera_bch"
   version="18.1"
   name="BCH_dec_24_bch_0">
  <parameter name="T_BITS" value="10" />
  <parameter name="DATA_WIDTH" value="24" />
  <parameter name="N_BITS" value="244" />
  <parameter name="BCH" value="Decoder" />
  <parameter name="M_BITS" value="8" />
  <parameter name="selected_device_family" value="Cyclone V" />
  <parameter name="PARITY_BITS" value="76" />
  <parameter name="design_env" value="NATIVE" />
  <parameter name="K_BITS" value="168" />
  <parameter name="IRRPOL" value="285" />
  <generatedFiles>
   <file
       path="C:/Users/romin/OneDrive - The University Of British Columbia/ELEC2020_2021_docs/ELEC391/ErrorCorrectionCoding/BCH_dec_24/synthesis/submodules/bchp_functions.vhd"
       type="VHDL"
       attributes="" />
   <file
       path="C:/Users/romin/OneDrive - The University Of British Columbia/ELEC2020_2021_docs/ELEC391/ErrorCorrectionCoding/BCH_dec_24/synthesis/submodules/bchp_parameters.vhd"
       type="VHDL"
       attributes="" />
   <file
       path="C:/Users/romin/OneDrive - The University Of British Columbia/ELEC2020_2021_docs/ELEC391/ErrorCorrectionCoding/BCH_dec_24/synthesis/submodules/bchp_roots.vhd"
       type="VHDL"
       attributes="" />
   <file
       path="C:/Users/romin/OneDrive - The University Of British Columbia/ELEC2020_2021_docs/ELEC391/ErrorCorrectionCoding/BCH_dec_24/synthesis/submodules/rsp_gf_add.vhd"
       type="VHDL"
       attributes="" />
   <file
       path="C:/Users/romin/OneDrive - The University Of British Columbia/ELEC2020_2021_docs/ELEC391/ErrorCorrectionCoding/BCH_dec_24/synthesis/submodules/rsp_gf_sqrff.vhd"
       type="VHDL"
       attributes="" />
   <file
       path="C:/Users/romin/OneDrive - The University Of British Columbia/ELEC2020_2021_docs/ELEC391/ErrorCorrectionCoding/BCH_dec_24/synthesis/submodules/rsp_gf_mr.vhd"
       type="VHDL"
       attributes="" />
   <file
       path="C:/Users/romin/OneDrive - The University Of British Columbia/ELEC2020_2021_docs/ELEC391/ErrorCorrectionCoding/BCH_dec_24/synthesis/submodules/rsp_gf_mul.vhd"
       type="VHDL"
       attributes="" />
   <file
       path="C:/Users/romin/OneDrive - The University Of British Columbia/ELEC2020_2021_docs/ELEC391/ErrorCorrectionCoding/BCH_dec_24/synthesis/submodules/rsp_gf_pp.vhd"
       type="VHDL"
       attributes="" />
   <file
       path="C:/Users/romin/OneDrive - The University Of British Columbia/ELEC2020_2021_docs/ELEC391/ErrorCorrectionCoding/BCH_dec_24/synthesis/submodules/bchp_package.vhd"
       type="VHDL"
       attributes="" />
   <file
       path="C:/Users/romin/OneDrive - The University Of British Columbia/ELEC2020_2021_docs/ELEC391/ErrorCorrectionCoding/BCH_dec_24/synthesis/submodules/bchp_syndromes_sqr.vhd"
       type="VHDL"
       attributes="" />
   <file
       path="C:/Users/romin/OneDrive - The University Of British Columbia/ELEC2020_2021_docs/ELEC391/ErrorCorrectionCoding/BCH_dec_24/synthesis/submodules/bchp_syndrome.vhd"
       type="VHDL"
       attributes="" />
   <file
       path="C:/Users/romin/OneDrive - The University Of British Columbia/ELEC2020_2021_docs/ELEC391/ErrorCorrectionCoding/BCH_dec_24/synthesis/submodules/bchp_rom.vhd"
       type="VHDL"
       attributes="" />
   <file
       path="C:/Users/romin/OneDrive - The University Of British Columbia/ELEC2020_2021_docs/ELEC391/ErrorCorrectionCoding/BCH_dec_24/synthesis/submodules/bchp_auto_package.vhd"
       type="VHDL"
       attributes="" />
   <file
       path="C:/Users/romin/OneDrive - The University Of British Columbia/ELEC2020_2021_docs/ELEC391/ErrorCorrectionCoding/BCH_dec_24/synthesis/submodules/bchp_mb_system.vhd"
       type="VHDL"
       attributes="" />
   <file
       path="C:/Users/romin/OneDrive - The University Of British Columbia/ELEC2020_2021_docs/ELEC391/ErrorCorrectionCoding/BCH_dec_24/synthesis/submodules/bchp_mbopt_pe6.vhd"
       type="VHDL"
       attributes="" />
   <file
       path="C:/Users/romin/OneDrive - The University Of British Columbia/ELEC2020_2021_docs/ELEC391/ErrorCorrectionCoding/BCH_dec_24/synthesis/submodules/bchp_mb_pex.vhd"
       type="VHDL"
       attributes="" />
   <file
       path="C:/Users/romin/OneDrive - The University Of British Columbia/ELEC2020_2021_docs/ELEC391/ErrorCorrectionCoding/BCH_dec_24/synthesis/submodules/rsp_unary.vhd"
       type="VHDL"
       attributes="" />
   <file
       path="C:/Users/romin/OneDrive - The University Of British Columbia/ELEC2020_2021_docs/ELEC391/ErrorCorrectionCoding/BCH_dec_24/synthesis/submodules/bchp_search.vhd"
       type="VHDL"
       attributes="" />
   <file
       path="C:/Users/romin/OneDrive - The University Of British Columbia/ELEC2020_2021_docs/ELEC391/ErrorCorrectionCoding/BCH_dec_24/synthesis/submodules/bchp_shift_search.vhd"
       type="VHDL"
       attributes="" />
   <file
       path="C:/Users/romin/OneDrive - The University Of British Columbia/ELEC2020_2021_docs/ELEC391/ErrorCorrectionCoding/BCH_dec_24/synthesis/submodules/bchp_shift_searches.vhd"
       type="VHDL"
       attributes="" />
   <file
       path="C:/Users/romin/OneDrive - The University Of British Columbia/ELEC2020_2021_docs/ELEC391/ErrorCorrectionCoding/BCH_dec_24/synthesis/submodules/bchp_del.vhd"
       type="VHDL"
       attributes="" />
   <file
       path="C:/Users/romin/OneDrive - The University Of British Columbia/ELEC2020_2021_docs/ELEC391/ErrorCorrectionCoding/BCH_dec_24/synthesis/submodules/bchp_invmem.hex"
       type="HEX"
       attributes="" />
   <file
       path="C:/Users/romin/OneDrive - The University Of British Columbia/ELEC2020_2021_docs/ELEC391/ErrorCorrectionCoding/BCH_dec_24/synthesis/submodules/bchp_decoder_core.vhd"
       type="VHDL"
       attributes="" />
   <file
       path="C:/Users/romin/OneDrive - The University Of British Columbia/ELEC2020_2021_docs/ELEC391/ErrorCorrectionCoding/BCH_dec_24/synthesis/submodules/bchp_decoder.vhd"
       type="VHDL"
       attributes="" />
   <file
       path="C:/Users/romin/OneDrive - The University Of British Columbia/ELEC2020_2021_docs/ELEC391/ErrorCorrectionCoding/BCH_dec_24/synthesis/submodules/bchp_decoder.ocp"
       type="OTHER"
       attributes="" />
   <file
       path="C:/Users/romin/OneDrive - The University Of British Columbia/ELEC2020_2021_docs/ELEC391/ErrorCorrectionCoding/BCH_dec_24/synthesis/submodules/bch_encoder.ocp"
       type="OTHER"
       attributes="" />
   <file
       path="C:/Users/romin/OneDrive - The University Of British Columbia/ELEC2020_2021_docs/ELEC391/ErrorCorrectionCoding/BCH_dec_24/synthesis/submodules/BCH_dec_24_bch_0.vhd"
       type="VHDL"
       attributes="" />
  </generatedFiles>
  <childGeneratedFiles/>
  <sourceFiles>
   <file path="C:/intelfpga_lite/18.1/ip/altera/dsp/altera_bch/bch_hw.tcl" />
  </sourceFiles>
  <childSourceFiles/>
  <instantiator instantiator="BCH_dec_24" as="bch_0" />
  <messages>
   <message level="Debug" culprit="BCH_dec_24">queue size: 0 starting:altera_bch "submodules/BCH_dec_24_bch_0"</message>
   <message level="Info" culprit="bch_0">code_clocks = 11, polys_per_pe = 5, full_pes = 2, pes = 2 clocks_per_last_pe = 5</message>
   <message level="Info" culprit="bch_0">----Writing bchp_mb_system.vhd</message>
   <message level="Info" culprit="bch_0">----Writing bchp_auto_package.vhd</message>
   <message level="Info" culprit="bch_0">Building Galois Field and inverses. Please wait...</message>
   <message level="Info" culprit="bch_0">GF_field finished</message>
   <message level="Info" culprit="bch_0">negenum finished with length 256</message>
   <message level="Info" culprit="bch_0">powernum finished with length 256</message>
   <message level="Info" culprit="bch_0">inverses finished with length 256</message>
   <message level="Info" culprit="bch_0">----Writing bchp_roots.vhd</message>
   <message level="Info" culprit="bch_0">----Writing bchp_invmem.hex</message>
   <message level="Info" culprit="bch_0">----Writing bchp_parameters.vhd</message>
   <message level="Info" culprit="bch_0">files generated: C:/Users/romin/AppData/Local/Temp/alt8787_6601171530528258032.dir/0002_bch_0_gen//bchp_mb_system.vhd C:/Users/romin/AppData/Local/Temp/alt8787_6601171530528258032.dir/0002_bch_0_gen//bchp_auto_package.vhd C:/Users/romin/AppData/Local/Temp/alt8787_6601171530528258032.dir/0002_bch_0_gen//bchp_roots.vhd C:/Users/romin/AppData/Local/Temp/alt8787_6601171530528258032.dir/0002_bch_0_gen//bchp_invmem.hex C:/Users/romin/AppData/Local/Temp/alt8787_6601171530528258032.dir/0002_bch_0_gen//bchp_parameters.vhd</message>
   <message level="Info" culprit="bch_0"><![CDATA["<b>BCH_dec_24</b>" instantiated <b>altera_bch</b> "<b>bch_0</b>"]]></message>
  </messages>
 </entity>
</deploy>
