# system info BCH_enc_tb on 2021.06.14.10:06:24
system_info:
name,value
DEVICE,5CSEMA2U23C6
DEVICE_FAMILY,Cyclone V
GENERATION_ID,1623690380
#
#
# Files generated for BCH_enc_tb on 2021.06.14.10:06:24
files:
filepath,kind,attributes,module,is_top
BCH_enc/testbench/BCH_enc_tb/simulation/BCH_enc_tb.v,VERILOG,,BCH_enc_tb,true
BCH_enc/testbench/BCH_enc_tb/simulation/submodules/BCH_enc.v,VERILOG,,BCH_enc,false
BCH_enc/testbench/BCH_enc_tb/simulation/submodules/verbosity_pkg.sv,SYSTEM_VERILOG, COMMON_SYSTEMVERILOG_PACKAGE=avalon_vip_verbosity_pkg,altera_avalon_clock_source,false
BCH_enc/testbench/BCH_enc_tb/simulation/submodules/altera_avalon_clock_source.sv,SYSTEM_VERILOG,,altera_avalon_clock_source,false
BCH_enc/testbench/BCH_enc_tb/simulation/submodules/verbosity_pkg.sv,SYSTEM_VERILOG, COMMON_SYSTEMVERILOG_PACKAGE=avalon_vip_verbosity_pkg,altera_conduit_bfm,false
BCH_enc/testbench/BCH_enc_tb/simulation/submodules/altera_conduit_bfm.sv,SYSTEM_VERILOG,,altera_conduit_bfm,false
BCH_enc/testbench/BCH_enc_tb/simulation/submodules/verbosity_pkg.sv,SYSTEM_VERILOG, COMMON_SYSTEMVERILOG_PACKAGE=avalon_vip_verbosity_pkg,altera_conduit_bfm_0002,false
BCH_enc/testbench/BCH_enc_tb/simulation/submodules/altera_conduit_bfm_0002.sv,SYSTEM_VERILOG,,altera_conduit_bfm_0002,false
BCH_enc/testbench/BCH_enc_tb/simulation/submodules/verbosity_pkg.sv,SYSTEM_VERILOG, COMMON_SYSTEMVERILOG_PACKAGE=avalon_vip_verbosity_pkg,altera_avalon_reset_source,false
BCH_enc/testbench/BCH_enc_tb/simulation/submodules/altera_avalon_reset_source.sv,SYSTEM_VERILOG,,altera_avalon_reset_source,false
BCH_enc/testbench/BCH_enc_tb/simulation/submodules/bch_enc_package.vhd,VHDL,,BCH_enc_bch_0,false
BCH_enc/testbench/BCH_enc_tb/simulation/submodules/mentor/bch_encoder_core.vhd,VHDL_ENCRYPT,MENTOR_SPECIFIC,BCH_enc_bch_0,false
BCH_enc/testbench/BCH_enc_tb/simulation/submodules/aldec/bch_encoder_core.vhd,VHDL_ENCRYPT,ALDEC_SPECIFIC,BCH_enc_bch_0,false
BCH_enc/testbench/BCH_enc_tb/simulation/submodules/mentor/bch_encoder.vhd,VHDL_ENCRYPT,MENTOR_SPECIFIC,BCH_enc_bch_0,false
BCH_enc/testbench/BCH_enc_tb/simulation/submodules/aldec/bch_encoder.vhd,VHDL_ENCRYPT,ALDEC_SPECIFIC,BCH_enc_bch_0,false
BCH_enc/testbench/BCH_enc_tb/simulation/submodules/top_enc.vhd,VHDL,,BCH_enc_bch_0,false
#
# Map from instance-path to kind of module
instances:
instancePath,module
BCH_enc_tb.BCH_enc_inst,BCH_enc
BCH_enc_tb.BCH_enc_inst.bch_0,BCH_enc_bch_0
BCH_enc_tb.BCH_enc_inst_clk_bfm,altera_avalon_clock_source
BCH_enc_tb.BCH_enc_inst_in_bfm,altera_conduit_bfm
BCH_enc_tb.BCH_enc_inst_out_bfm,altera_conduit_bfm_0002
BCH_enc_tb.BCH_enc_inst_rst_bfm,altera_avalon_reset_source
